,x0,x1,x2,x3,x4,x5,y
0,-1.591348100209679,1.3245080566895053,0.591865907799673,-1.4038100543519716,-1.3400079658483168,-0.3796891208126563,0
1,-1.6499981904897505,-0.6188581794207773,0.914950518399287,1.204047039621138,-2.25911507023301,0.3935031269721465,0
2,0.6670186003665056,-0.3165332692164575,1.5993030988668613,1.217158247720381,-0.9203557541059443,0.20701011621596943,1
3,-0.6035128593696822,1.602400935523798,1.5373280604863555,1.0120014056881423,-0.9991710082888083,-1.7790576765216692,0
4,1.8319773758314644,1.4858351031418597,-1.047684758760565,1.5931088736580146,-1.7357958792813777,-1.7960392612524982,0
5,-0.08412609777428234,2.8866551484911893,-1.8719657351786256,-0.6179941463940343,-1.089135890862516,0.17034027367779536,0
6,-0.8392608330436822,-0.9821894257139998,2.099439618587798,-0.220733331588994,-0.8476372112924824,-0.06055374509322897,0
7,1.1073038165101987,-1.2317755103833252,0.6549801929588143,-0.17297738296000842,-0.13920259122369627,-1.37300797093553,1
8,1.749391850035091,3.0366278025897313,-0.5064116919848586,1.37268857641468,-0.352231264177939,0.29958122491919525,0
9,-0.6656476436516019,1.2191553140294291,0.6310058617397708,0.9893770704734154,-1.1725392626201894,-2.548422461524089,0
10,0.3421856370524642,-0.10068049181394256,-0.18610587168584514,-0.2546191696119174,-1.2914005536037345,0.8407678763827127,0
11,-0.6928167755399761,0.033737638613872134,-0.3910266651367761,3.318293589099929,-2.0768809633510403,-0.2918703891867541,0
12,0.05521479079748032,0.6703690759789338,-0.7278868205684397,2.1408458495162703,-1.4476357368676802,-0.024364612294753285,0
13,-0.382040225554947,0.5582025441151565,0.8175018680712356,0.3868768289027489,-0.2305619763233827,-0.5490353069643108,1
14,-1.3139780587352676,0.3364506291958649,0.129704575309271,-0.7140744944687746,-0.6801891403165244,-1.8670280502444865,0
15,-2.2093851277086127,1.1940358543254357,0.35210778455362896,1.0468988358664326,-0.27134153304437175,-1.3519912390360567,0
16,-1.3675993773571664,-0.6538547927389422,-0.592061474776177,0.6977967347232592,-0.236789430628718,-0.024299998786365795,0
17,-0.767650199827129,0.6682926802747806,1.911845649774174,-0.08178888796587336,-0.609847026631662,-1.1147974302510197,1
18,0.34011789224573796,1.2642415289481101,-2.431278136246215,-0.8032885394871891,-0.4801181180166524,-0.5230162275712447,0
19,1.4601090468855127,1.425389124896567,0.06408789351349364,-0.5478508019232773,-0.7929304266787509,-0.07522021774430498,1
20,0.7191662238720398,0.000291222088216081,0.5862723459850113,0.2516208717204059,0.25770472876978434,0.4013573296307762,1
21,-0.9056246595633328,1.7099579861486887,1.0528185552591642,0.01763313365874447,0.13947388484053036,-1.9155318367886256,0
22,0.19491911292397157,-0.8208283211376868,-0.2564671870522487,0.6086745995455123,-0.27757944232823495,0.5266558208053078,1
23,-1.1262333532945852,1.9118024883130404,0.9482174720186649,-0.31734577756501825,-0.8477525296883284,-1.1106419034194959,0
24,0.25454526506326136,-1.1130623871236276,0.16081006079659615,0.5705652838046829,-0.7991303395310732,-4.011462556404344,1
25,1.1524591436725962,1.765340356670745,2.8588938600726816,0.2727054597012869,-0.7706981284222225,-0.6778663631635171,1
26,1.2481257187363948,1.3359052640040034,0.14634741877638285,0.6209944700220487,-1.2812768810519097,0.5633689430799813,1
27,-0.5686806563226708,1.0180071248322962,1.5355038192038488,-1.309217061796326,-2.6535186105916324,-1.2751262299477424,0
28,-1.7500994802060255,0.09924417360177207,-0.605221041446621,0.666797186386376,0.5085640675677567,-1.0524378109386576,0
29,-1.4226348516079552,0.1697466936273193,1.1774806856900675,-0.22649932663085065,-1.7810696115501439,-0.60568194120223,0
30,0.25889814614168494,3.292076747155681,0.5763199520100151,1.7084581284067464,-0.33020763568825034,-0.7875392869753481,1
31,-1.157135094352486,1.0434085266938378,0.7777110665197173,-1.2872878235255796,-0.07969555277093765,0.6579240485107205,0
32,1.4532098672275673,-0.24084604110044117,0.10986664794545964,0.5033502507575833,-1.6241969248725752,-0.03740600569618502,1
33,0.0011595273210914248,1.557014219578483,-0.8983461903516343,-1.148022148998625,-1.2158913222194832,-0.6846685064390229,0
34,1.8032740789507948,1.0492493518563593,-0.9522809757177972,-0.4454594145058748,-1.146839564140124,-1.7055957365409704,0
35,-1.0008892902779314,0.05415866860020402,-1.0181304868112029,-0.7397277167976893,-0.5847464593492093,-1.4002119841782221,0
36,0.6012142608412064,1.786472009736379,1.1298122577131176,-0.31271418694499564,-2.0557880167324214,-0.09850320350366593,1
37,0.7437733890161964,0.9001210785647432,-0.9304906944762097,0.053995899829720084,-1.5408910414109662,0.4201869370982907,0
38,0.681763847316726,2.5694570513647217,0.6853984809113343,-0.10869929099559222,-0.19180108822631758,-3.2854454755463456,0
39,0.25719510487234987,1.0584718429404876,-0.669382863976814,-0.13472278197601922,-0.5188674469157839,-0.5815771240434753,0
40,-0.6036205573088822,1.7301690665054072,-0.1270578371040315,-0.8538466379561207,-2.2827885740159477,0.6247131099450667,0
41,-1.1474767600495248,0.23225804767564395,0.837332456463048,1.1121584846284944,-0.027186198117766125,-0.7345879834006375,0
42,-0.42925814979999377,1.1532138584953315,0.8862353823811644,0.13117741634759986,1.0720810460197303,-0.6228426182443929,1
43,-1.4401522273824041,1.9554143840027085,1.035994161923283,-0.5074114672168106,-2.225547515564302,-0.832915538409026,0
44,-0.4244063530192278,2.348563411264677,1.1374467593500328,1.1553522370229028,-0.6408424473042031,-2.087384005473096,0
45,-0.642845245122178,2.2778819861473236,0.9604349802700112,0.04475968541730757,0.15412911197346146,-0.19498091177855398,1
46,-1.4632168959274559,1.1878163115605775,1.4513150131332622,1.3147922199781916,-0.5198701437043453,0.2792886068538283,1
47,2.2676822939192562,0.6563474937314281,0.36356243892415985,1.5343115520417634,-0.46307801402508375,-0.786734190771547,1
48,1.0388329917774706,1.5746099640897908,0.3255318996390364,-1.0269812678952925,-0.8969859764011523,-1.5385314135368948,0
49,-1.4823359313714626,2.6414858820165668,-1.3278738566499049,-0.7584972141974776,-2.146155203432114,-0.9621401564176032,0
50,-1.5930106670702926,0.98725445283284,0.5668705597595827,-0.771291527059644,-1.8747083335434918,-1.169581642095328,0
51,-0.1372924010677291,0.31878549429765746,2.0437066637098162,-0.04954220327854969,-0.9883666776339011,-2.0839094200646135,0
52,-0.775618777683354,1.9224760758453634,-2.177931524810549,-0.38869493875515493,-1.7858855289574185,-0.39443267724277264,0
53,-0.2942632569595669,2.629057958075803,-1.2684034616952997,1.3129328371289357,-2.431005903019682,0.12365283714849795,0
54,-1.93162182729039,1.6275444182887708,2.662060555150533,0.9152216426404955,-0.9607723471256082,-0.28697405427732925,1
55,-1.616286280548255,0.5857710089259331,0.5234669671727796,0.3163610871388238,-0.06707055411788987,-0.7390188264227895,0
56,0.46339056729451966,0.021166360993185918,-0.4997018419953342,0.6454703685009999,-1.2754985040942737,-1.733721606597088,0
57,0.19003707525185637,-0.115443363630505,0.22467511156912043,0.6041308829664651,0.44967468638238706,-1.2741981209343234,1
58,-0.8071675134204783,2.0981491285900127,-1.2767747013867912,1.7411457989154595,0.5505313332327872,-1.5746005952380562,0
59,0.1347651591527131,1.2034011064315866,0.06324479581002729,-0.6317358709870505,-0.29181185314171454,-0.34885866067717497,0
60,-0.9654012672479673,0.22370473940796898,0.3815559874902269,0.860110880734399,-1.3088585158154957,0.2071812082189176,0
61,-0.590939552928732,0.8264910410961088,0.4928367784159951,-0.10766433145425719,-0.891094765438555,-1.0916042963145047,0
62,-0.539771069946902,-2.174767511625995,-0.8807080950817965,-1.9606809484334384,-0.6200526103493391,-0.6930232783810523,1
63,1.273597418810628,0.4564822219245795,2.065062189787203,1.089157547988886,-0.8426124256759604,-2.501304431344753,0
64,-1.8802755945015557,1.1155251381990563,1.3178097694916984,0.23145437950518805,-2.0732536278932576,-1.1576904420463578,0
65,-1.0346854278916715,0.21088756050357294,-0.4522040318584323,-0.6345052398363715,-0.7551410091644822,-1.4037709484383465,0
66,-0.692958624164765,2.273222280911959,-0.19615160145850485,0.09643164493059059,-0.9339526462752717,2.086300499952501,0
67,0.11606169119267878,1.0059900649292906,-0.7824658777016575,1.5443732934743863,-1.4308636475117815,-0.24696445174766285,0
68,-0.6973533768558033,1.0955186057181399,1.5376196334825822,-0.829198331016987,-0.554993044968251,-1.388131774266768,0
69,-1.5455643244360406,-0.26461813046548643,1.3469791568921723,1.3163905903217887,-3.351603350275365,-0.24716789944811396,0
70,-1.7414126280421685,2.0599941056421542,1.2892123028044362,0.6792186004344118,0.6687657715969941,-0.23572096675667664,1
71,1.2918735736459441,0.4198824817691954,-0.10399980544739651,1.434108778497701,-1.0551492520723011,-1.101229229612302,1
72,-0.827924202032478,-0.42544894654719045,-0.1400420018519608,0.4165211560276616,-0.01453390636143348,-0.5262194187248745,0
73,-0.6527140052651743,1.488277847615444,1.4032740438338565,1.7932922085433318,-0.8979316253732912,0.3980455633661224,1
74,1.697722160212261,1.232653451317752,0.02745929191106028,-0.8485180390675833,-1.2646440403384183,-0.7249130883398491,1
75,0.3768509134219118,1.3655981131642174,0.534173883401173,0.6930804807322715,-1.298786674719416,1.2447848960054027,0
76,0.23201018287231173,1.533451836436854,0.9370331564608113,0.2986441452545415,0.00896791584763068,-3.106786426397015,0
77,6.11067658873865e-05,1.193916092404829,-0.4285231416052938,-2.350289704267979,-1.5940939524714994,-1.695879537363078,0
78,0.040812963073034,1.115539595105966,0.9531184402720978,0.2524876062655371,-0.6885712014374165,0.5086161614996476,1
79,-0.8173143535199983,1.733045399000236,0.6734579672705827,-0.7872170820878949,-0.6939174283278563,0.09599181998315331,1
80,-1.362377719242307,1.1479333912518372,0.9622096321195953,1.3374660069153397,0.8925779674532466,-1.7031051511554633,0
81,-0.8909570941368833,0.8333538727861161,0.5947075953342582,-1.106289873675592,-0.3616250578008531,-0.6542705553890452,0
82,-0.8110036505269644,2.5974863663985346,-0.08984513967569585,-1.3433240007164713,-0.5625559361738549,0.32980632714681835,0
83,1.2766190958390862,1.234846534310111,-0.44644849412811505,0.9726568207021807,0.1417756249767449,-1.0693190601302354,0
84,-0.3386514293215078,-0.08925684197341877,0.6192014280689444,0.040917598943656264,0.4704892242550609,0.7317372093372847,1
85,0.7074660575367674,0.9530895896709122,0.6930625718285127,1.2716349811096346,-0.46362306233704437,0.2160065954337197,1
86,1.951094162354341,0.5453365642007771,0.5735594637006682,-0.21912146485395234,-0.6859858743593162,0.8448623963087172,1
87,0.5084210679414295,0.7809407141841503,3.47319446011946,0.31001518828860763,-2.661386088241007,-0.41997741971362784,1
88,0.3923156562472849,1.2912937708855496,0.9422882758774995,0.23091867574762912,-0.3043183341454857,-0.8074653605839298,1
89,-0.44432557185708144,-0.20587902457904406,1.0285430224272318,0.9751541323999288,-1.764953945301642,-1.0625102985029138,0
90,1.048566235876487,0.8727245411194775,-0.8738584881931377,-1.4550670880601826,0.5302952035045994,-1.0610146845886685,0
91,-0.8861118889626165,2.2792304575215763,-0.06946793376623761,0.7820699839009044,-0.04768979390238115,-1.3190638518482876,0
92,-0.7961643316071816,1.3292802839224103,0.3830037691725794,1.1424358688664071,-0.31237697015775606,0.14219842871212762,0
93,0.5124124263361112,1.2515454457875732,1.0413215212229017,0.324487188412526,-0.35368983504669976,-0.6165513535793068,1
94,-2.1687524241032983,-1.2806726813811298,-0.7172030569729069,1.0139417116563019,-1.3227654025825133,-0.22705231747029264,0
95,-2.6571979003354533,1.7849220399250267,-0.8083171296391722,1.0564897290680606,0.2135552791230393,-0.35811836194638647,0
96,-1.0684137035200667,1.7161686386384363,0.1288708158288535,0.9119709488743605,-1.056758584011288,-0.334704519500225,0
97,-0.2699142775581154,2.315997984899636,1.1426031291731866,0.9267355151683659,-2.105673213307845,-0.28747078071854826,1
98,0.4417139959057863,1.6221655540885136,0.02897501641071648,0.6512751515245896,-1.1501601420739125,-1.475921063357407,0
99,-2.7789243513257653,0.06723451894604959,0.16090180651079622,0.6576447867755563,-2.338317223269656,-1.6701033661278104,0
100,0.6861710658020559,-1.1398401811125938,0.3779936712195419,-0.11524891566408302,-2.680401373708241,1.0043654896094274,0
101,-2.0947133457860208,0.011110764799960537,0.39991011947409355,0.7336078779112631,-2.884090540215073,-0.8501349348074532,0
102,-0.059905936844352276,1.0656226784311251,1.137404111041072,2.523635826234347,0.192561479192234,-0.3918433994545085,1
103,-1.5934830193495588,1.4804919621383825,-0.09344505495233624,0.36726251012063116,-0.6743183375756309,-0.6554278888280091,0
104,-0.7379567785568535,-0.6478039306503116,0.5342617202174719,0.8044608262195377,-3.112863441314346,0.17198039594482784,0
105,-1.9822356981162876,-0.455855206891725,1.4581559299241293,-0.7722403749221488,-0.29011830359441837,-0.9827984625756745,0
106,-0.5086049962520185,1.8896445783144764,1.9403478051834193,-1.1115979945081902,-0.6720800779279948,0.14462119015895658,1
107,0.3284269974515007,2.313455491363082,-0.16415585554636813,0.2962507554229569,-0.34960527717916734,-1.6805889660564177,0
108,-0.9644043660786492,-0.24274712839121504,1.4205420134745537,0.12639114750657787,-1.6295615574636615,-0.17063663004381502,0
109,-2.109138229769383,1.2265053132187096,0.014444303139342196,-2.1254886841383924,-1.148843111492675,-0.30833897184693854,0
110,1.1054220155082792,0.051395127479411995,-0.020038235270596172,-0.3129576055735446,-2.1046647286820646,0.1647767086744606,0
111,-0.7022226266489396,-0.11648287765732679,-0.3581777230665967,-1.090288315258988,-1.5884111804931538,0.7314447214702444,0
112,-0.9889382021877757,1.505337588429375,1.3035485291767335,-0.0901818711296602,-0.1288245312357854,0.25748629089355024,1
113,-1.6878184521810895,0.12685504762739708,-0.2858998623190686,-1.0859452052799308,-0.9382464554607604,-3.0539921070596003,0
114,-1.1771667441142784,1.1416655369701463,0.3216520452717303,1.1790603096255707,-1.980769239180132,-0.574046026014231,0
115,-0.9012187147724299,-0.7069725741107487,-0.6228944229715447,-0.24913775875883842,-3.061192451965767,-1.163436648451762,0
116,-0.440362539831454,0.6312685062076582,-0.17407512569331984,1.4925131452948417,-0.6753498847628844,-1.9572324896808149,0
117,-0.3565202779218209,0.26182702533335755,-0.33534995920008626,-0.4873613275825336,-1.1846021998095009,-0.9851540574434261,0
118,-1.4827884504383553,1.4807272578994688,1.3927554186985849,-0.24076167970946366,0.032647829563806186,-2.9730954539969447,0
119,0.4788531747289204,-0.029573098812609167,0.5070188569440917,0.8841748794063293,-2.7532654941557375,1.4336203480026086,0
120,-0.1240756971195153,-0.4850908770768023,0.9043706056306726,2.0210307277804147,-2.6475312108327778,-1.4153970875102981,1
121,-0.23290289026082844,1.374058958663238,-0.9028704796580163,0.7898842422414039,-3.392354350717902,-1.317895511691405,0
122,0.8295285645239123,1.6409081875562028,1.0151297854756605,1.4456591292104453,-0.929956931537065,-0.26534881584853864,1
123,0.0012723883928170698,0.04293701257437188,0.779078826838514,1.4350276645437412,-1.0220959579584883,-0.5354417105866606,1
124,-0.3905414095577727,1.3789659548163788,-1.1522535889422358,0.18430459373516708,0.5265181462006723,-0.11578151388296387,0
125,-0.28655832323694375,0.25722561449989356,0.5640365114005553,-0.005403061042597163,-1.88795829920877,-1.1992087578889794,0
126,-0.9882996658032336,0.06724376408720856,-1.8020642105264726,-0.15346123720748095,-0.9156823339508798,0.027482137441890542,0
127,1.5000061796218684,0.8699100994917282,0.7213609900401596,-0.43352943455311554,-0.255610004914787,-1.4051928600500663,1
128,0.9510119072342682,0.9102170554519041,0.5218519310495666,-0.06827566486833819,-0.0035122414786991074,-1.109209775940508,1
129,-0.019200957331722723,1.5598874897007782,-0.27438743560707657,0.5345599821416007,-1.6559526809269673,0.4876334713151276,0
130,-0.4368551784432123,0.44752983169297056,1.569286136497676,-0.33322134989860897,0.2015082273366221,0.41792450263011416,1
131,-0.23311003534217573,1.2694557519888297,-1.6200327515565227,1.5158591053857382,-0.786672711729603,-1.1922914325076577,0
132,-0.9647739225982883,1.1987811556473853,-0.06836778664336463,1.1659407540999103,-2.246319163835647,-0.011128139174377938,0
133,0.40913167090803604,0.19739507874224305,0.7564044883086076,-0.9684912587376411,-1.2353093551096743,-0.9848890676400608,1
134,-0.16949943471995693,0.7263459280342073,1.0008904651552266,0.7824138618070869,0.10353539364085207,-0.5623417590657518,1
135,-0.27622135086823324,0.2810473374353579,0.9591974382630151,0.00831059624568975,-0.4732640879369469,-1.432601344261169,0
136,0.15329215229494586,0.06228203364897511,-0.05822434288933531,1.1690549809157784,0.07754136466570483,0.40508892349782855,1
137,0.19314676446914397,1.9653175546109092,0.9845076802814949,0.46791754165855987,-1.9535487597799208,-0.4421322834368639,1
138,0.412908144666708,1.46711849783274,-0.28724958423982627,-0.29302959751414065,-1.3351986286854536,-1.5724312627864452,0
139,0.20675184888831105,2.0665857367143543,0.07521913319322843,-1.064560474964412,0.5190076055171222,-0.5521692112194823,1
140,0.3189566136742479,0.22537424627102742,1.4577281464907674,-0.05576987262003763,-1.107809714946356,-0.666297940842752,1
141,-2.384104189933419,3.0011811608158214,-0.11150232947331118,-0.7361541900309682,-0.9431688535547516,0.8236624548578364,0
142,1.854936582058052,1.6655869127517267,1.254336892315099,0.3669146447890082,-1.2126314996804912,0.07318141337391393,1
143,-1.8848427213645622,0.4765972652941939,0.9664875797521004,-0.6934318951581904,-2.114789295896469,-0.6186737976122467,0
144,1.9828022756578938,0.26189712365617,0.2952445453310985,0.07783879232132479,0.29850587487587554,-0.28243859027579366,1
145,-1.3688141010254826,0.11731707876359354,1.5780703197582489,-0.39432884694837245,-2.209395700029434,-0.1554144717135294,0
146,1.0157414908931373,-0.06963341628790076,0.35082938916672624,-0.35795611961909835,-1.6754856815421215,0.05330885758031956,0
147,1.2039371149903435,-0.567827599174402,-0.871476797820836,-1.6371069652043584,-1.3332728349575054,-1.0863335848933735,1
148,-1.4507765360666096,0.9069988066738595,-0.9832915260975994,-0.7464493138060906,-0.7866682339294748,-2.2916197473037148,0
149,-0.9322999973748489,1.8692546368450365,1.457770098153249,1.5712313536055227,-1.5403494851892305,-0.21264534863558449,1
150,1.8463601383220003,2.0805006241045856,1.3010207773152498,-0.7578000743352126,-0.6041086051647708,-1.004688276574166,1
151,-0.7962474080315027,1.644492352088634,-1.3586277107039355,-1.2140419252973709,-1.0606175655779073,0.2387043177086039,0
152,-0.0160407805166215,1.30183295046282,0.12896695975539535,0.33142303361772896,-0.07992201952436462,-1.770444152091297,0
153,-0.599228157349281,1.0937975398573434,-0.194120925759956,-0.8201740944940052,-0.8015596467498753,-1.6990079194036019,0
154,1.2182936774217143,1.6789372800857303,-0.5851408462650434,-0.3541158440023289,-0.4617364376905181,-2.354200197354202,0
155,0.6131959602113934,0.7931856228980576,-0.8588285193202481,1.9296256235875522,-0.22097404148156957,-1.4090820852737442,0
156,0.36691845657394695,-1.0402654346731128,-0.39666124829191995,-0.8895967265226392,-1.6423424424177557,-0.27247296549059213,0
157,-2.5422125691893402,-0.20706847797695094,-1.1063379306302064,0.5340292638146844,-1.2060967757819843,-1.2262480894023837,0
158,1.388040765294558,1.8094512753560235,-0.24345166118937767,2.4071726341425372,-0.3609682058450293,-1.52313546329983,0
159,-1.241832716387365,1.0588795498990056,0.45771265077868317,0.5047200617359591,-0.558236227616934,-0.7005569042439005,0
160,-0.5911894402594451,2.8481270751853947,0.4148137535957197,0.5398479581236664,-1.6340027373666801,1.4754638943725473,0
161,0.4930321507514831,1.984404308683938,-0.4633260824915071,0.05392294957523533,-0.6111152529934175,0.3989665319319262,0
162,0.4690937695309767,0.4937680342538974,-0.35987342700027647,-0.15419640836482568,-1.4571079989217446,-1.622016461390309,0
163,-0.8974482417817896,1.7481997218280767,0.4829869658826812,-0.32393783846205637,-0.06955550337099214,-1.415464884050713,0
164,0.08106056826373953,1.0919282925988987,1.1734397007618496,-0.23816940217577015,-0.17485692093904426,-0.947557636911512,1
165,0.4427781927078699,1.6258567890552444,1.8232793079593204,-0.8226517503736155,-0.5274006008177077,-0.1241943999410906,1
166,-0.9830586642760133,2.56445999103168,0.8737966832724049,0.0258712249372981,-1.3290751466595794,-2.1826811795218237,0
167,0.5152833004182412,0.027456365717042797,-1.4716006056411846,-0.751150100278165,-1.3985449462761261,-0.13596686784431844,0
168,-0.8437189954839219,0.8780346525758861,-1.9187744684502548,-0.9040096603756367,-1.3150135645624776,0.5194922356243259,0
169,1.1759157779253573,0.3474003423656934,-0.5942866141357501,-0.3898557527624613,-2.034193535477513,-0.6092312671332769,0
170,-1.5296556171245315,-0.3244636506201135,0.4791111452073638,0.533639937715354,-1.0625855384411818,-1.168180543534829,0
171,-1.1672406813786949,0.06450790902355241,0.32361282471747377,0.5049296365832696,-1.212529732882178,0.6641917195395497,0
172,-0.36895963533287324,0.8687258032930196,1.1733927007644174,1.6726098177124213,0.09203811294889663,-2.075697808905833,0
173,-1.6964379100505984,1.2633428835503588,-0.33345023344728875,1.2718467586240043,-0.46269299710008027,-0.08124880912118737,0
174,-1.1736683258696448,0.8991212674213576,1.102504462871174,0.02200864823004442,-1.4161802439206719,-1.7804144873723904,0
175,-0.09218342936543797,-0.13033200885213203,-0.34515612138424956,2.491846477024313,0.15625456026745776,-0.3185615318562399,0
176,0.02474831373091302,1.3354006931661866,0.7192258396617415,0.4916500135305834,-0.8467950796970358,-0.939735299935112,0
177,0.33973506838703427,2.01013219340274,1.2844700648201743,0.7045909995013709,0.37871197047402694,0.48128463111807807,1
178,-0.9273120643645447,2.7023690457306477,0.4238299329784668,-1.233458133723975,-0.5598583042043377,-1.3690626168024755,0
179,0.11994803016574973,-0.08990577941441791,-0.501838887273154,0.4340340894204664,-0.009413064494075307,-2.562876614829306,1
180,-0.7019136293519939,1.0343775464304992,0.16142361690290052,-0.37919550356231846,-0.9703590394130475,-0.643881043934726,0
181,-1.0417218845624547,1.2620619605265129,0.7484703466193161,1.8612050408025433,0.47733914718060144,-1.2175385007812485,0
182,-1.2142729704790785,0.9104406171194059,0.34404579672613306,1.053772026896087,-0.301151028535794,0.0014063650583820975,0
183,0.7281160631622418,0.25827461561872056,-0.7625726962791552,0.011511358294294893,-0.7486481523170476,-1.596663241243053,0
184,0.549022139636775,-0.7148819956167556,-0.5896945355235439,-0.8704859531851199,0.26234487285844876,1.0226024132543305,1
185,-1.0041522389698947,0.46063691680791835,1.9245445192063557,1.3592255880221182,-0.4795055020627606,-2.92465611254831,0
186,0.5136798353303051,-0.6734513746429023,0.2196708449831612,1.7056530664518021,0.7286985891828293,0.1629259684481853,1
187,1.6243056261781135,1.0059426488956535,1.0621600339576047,-0.7782159672205587,0.07997494440141018,-1.2144018244382724,1
188,-1.2921268003483246,0.27358081156662906,0.8618979766512918,-1.348756721290018,-0.7773377976826269,-3.083113529217668,0
189,1.0517343248156512,1.8952294529402387,2.296102976743117,2.2286446130718205,-0.5219036020812107,0.7429542963487843,1
190,-0.054179879124468894,3.6098821349383385,1.0307896262062854,1.173391774323365,-1.4540369668008297,0.8643624078559682,1
191,0.19766111694657224,2.4591078846420746,1.565207464350519,-0.644190490517458,-0.05476754044321164,-1.3522788242861767,1
192,1.2484628601922538,0.1255242267037856,1.0942240823481924,0.9465157849227583,-1.0000931316405715,-0.5661477757583262,1
193,-1.0477009949744502,0.4430302496070385,0.81335143710519,0.5394164499514549,-0.1803508961718795,0.41238193295113446,0
194,0.2546694795305996,2.390541721148122,2.735437629045606,-0.20708045478988807,-0.1965332663949272,-0.11825060212894778,1
195,-1.544545298387569,0.539916640369363,1.1968296906204432,0.7923257705023531,0.4437158178860907,-2.1783607667883924,0
196,-0.2715702739082645,1.035171042801064,0.6386975322534892,0.5302396929970441,-1.6470073965270888,-1.4128032786913962,0
197,-0.5255732020103118,0.6089224729081149,1.4603868213564766,2.1612397167988986,-0.8574183739414888,0.730619426558484,1
198,1.49515775598892,-0.44625618712765025,0.5939067880340898,0.37671500757451903,-0.06786952152825976,-1.501370895776486,1
199,1.3719562221659345,1.5976522953826802,2.020644451277388,0.3491129172665736,0.07554984805967002,0.5367135625821609,1
200,-0.2300325993061972,0.4538514339302789,1.1543485082007217,0.8483508266760729,-0.47319622751433477,1.0291081946669627,1
201,0.19148700152042802,0.7374787906705477,0.7915570604740758,-1.2926191814584982,-0.780581544302267,0.3421068907628686,1
202,-0.9741929779141263,0.7921108667354,0.6418248659047294,0.5211037592764485,-0.4952567929624811,-0.182058149591955,0
203,0.16535702682570808,0.5563428534280708,0.9322683096473776,1.2265553430075418,-0.8676191306571948,-1.1195548326921207,1
204,-0.0806210793701801,1.287052526127296,0.6687733304076817,-0.2099630875672388,0.16711873030291002,0.45690062799836917,1
205,-0.41513354634676936,-0.9870947998955739,-0.606267556391606,0.9922429860680182,1.2560549308853146,-0.3208455542845501,1
206,2.0479783613139753,0.5385900523801732,0.018485362222038393,1.6507014455117741,0.8916094266155854,-1.210870986480863,1
207,0.6865277528462622,0.6254808900158232,-0.26050097776039904,1.387426614013814,-0.3704199620961174,-1.3720685999089863,0
208,-2.151897633429013,1.5479112933608514,0.19755411330808081,-0.19105455381007003,-0.5055968341759504,-2.265831298416427,0
209,-0.6428330891258861,0.6111933435974403,-0.27201270565619706,-0.4563844557394905,-0.7037697742427041,-0.6235476383327565,0
210,1.3071790230286644,0.7702458269545095,1.0893758891285792,0.2558839360759887,-0.7973388888684317,-0.9211862571679574,1
211,0.5113997230959721,0.9251511631325081,0.7109456801837237,1.8265833515617755,-1.1768799449225023,-1.2683217143251873,1
212,8.378084487153936e-05,1.0808427838686736,-1.0526746626631112,-0.1519449169538883,0.9285589353986219,-1.3473350941047624,0
213,0.5778656331970116,-0.2573568518391911,1.5136749026320055,-1.4452711659911393,-0.9347085947094177,-2.1010870864302356,1
214,0.7096415911779533,0.3689415167200383,1.778924928963106,-0.6753749675199362,-0.6814148273967532,0.8473167740490182,1
215,1.169476668793249,2.414873588208983,0.04960811791525466,-1.5124508389355893,-2.8454465483025064,-0.44872084454723843,1
216,1.6783502343160075,0.7986611513322327,0.3181434506506206,-0.7680792417388491,-0.6640163366658657,0.6989489309456858,1
217,0.07527039599808222,-0.2817011405723462,1.3865470893635798,-1.1074774790264141,0.13999759164180758,-1.667661418503783,1
218,-0.28924359800264754,1.7201945836686483,1.570762402247139,0.6121014304733143,-1.651359060313696,-2.620076117847554,0
219,-0.950035889707734,1.721440350828606,1.2957504815375662,1.37258885608208,-2.7076846765314775,-0.3919975408519591,1
220,-2.057959373422959,2.2806473373564593,0.3350657671758088,-0.22945531248459267,-2.0257197074478013,-0.4941616101782905,0
221,0.032991296431105877,0.8943657082690026,0.06643918707703217,-1.1872010510309234,0.2997657968094727,-1.4636173207651977,0
222,-0.6994101931717063,1.7997254840258803,0.8105210304420554,0.33752209456531845,-2.6979903418600086,0.5820751883525002,0
223,0.2702026660740633,1.5466441987698893,1.0195923496262587,0.286897649649322,-0.885301139422453,-0.8392842429811064,1
224,-1.40425216551102,-0.785915734290878,-1.32990461424508,-1.158130534718216,-1.3969836767456174,1.2652481781989735,0
225,0.39467831665427056,1.605393289614066,1.3538448354083048,0.6180835309126596,-0.5673541715015483,-0.02570406267962677,1
226,-0.9687729766593105,1.6972924251610588,1.1183760176835733,0.4872281424317361,0.6280447006033714,-1.2267957971749834,0
227,-1.3032917847412235,1.1927390691056228,0.6258587124018918,-0.5207359435503179,0.5070870404958596,-0.553121752900279,1
228,-0.8498685517626687,0.7719672022889206,-0.9061144400691248,0.9735779854327208,0.381640659071919,-0.084930172262077,0
229,0.8033905368968262,3.0918163755942816,0.5351396954784415,-1.9018892867856119,-2.468799417716201,-1.5751672595181432,0
230,-1.4614559963533715,-0.3654101201149069,-0.7954404680270328,0.01058287865498933,-0.4878323018304561,-0.2718764853698402,0
231,-0.42842015858153604,1.2348383550109432,1.3718972912941636,-0.6937943292809858,-1.0316225785474298,0.7813350914910802,1
232,-1.2490143900743103,-0.8528562400026667,0.5585154512112785,2.0034060862310348,1.978942503204882,-0.590855172241347,0
233,1.0142791256476742,-0.35403939687258457,-1.2716429922322086,0.5815488849131629,-0.39469134367169667,-2.4193177690003482,1
234,-1.8642879985102148,0.9091018061413386,-0.8611692715749517,2.3024036077285754,-2.7494858312273767,-1.488186257991699,0
235,-1.4589085851164483,-0.17030611354717617,0.8431097880921826,1.2498193338295949,0.3491786407989985,-1.6909198001078263,0
236,0.6874916615680168,2.121905003900907,-0.2832339485976746,0.7933256413801931,-1.1540709186593066,-1.293666592838227,0
237,-2.239994740487003,2.265448652114494,0.31651540015841517,-0.1941128126096368,0.477021390153749,-1.2783884900369007,0
238,-1.1473892000554753,2.0976896011267074,1.3772685016630943,0.7656691169367161,0.10526299869497147,-1.4336314264997683,0
239,-0.4229217309160015,1.508543105604807,-0.7881703470096484,-0.7787360820377935,-0.9953127698676374,0.8298837077946211,0
240,0.6997081108212374,-0.024633551529180786,0.15149300548154904,2.2278626916182755,-0.4633720858651351,-0.8605353326543411,1
241,0.7485443223954511,2.421094052025043,0.5737454896161746,-0.5724068751867577,-1.4358407465634735,-0.9501011596904687,0
242,-0.889110494871716,0.3211107243815785,-0.1890079145209127,0.08114237895075536,-2.1166536824673057,-0.9425363573174834,0
243,-0.3053847144315609,0.5655416619255009,1.3104543004488884,-0.11452378253269158,-1.3205819676677057,-1.4288309657292735,0
244,-0.005391590249106792,1.4599867661014043,1.054675928467001,-1.2116673315576616,0.13612386142913668,-0.38485713095132135,1
245,-3.906006277409381,0.4150368440289659,-0.9201011083896131,-0.6024809693262354,-0.832695118033663,-0.3339624507400485,0
246,-0.16975055540673828,0.9747462115227692,-2.0247058239444646,1.0172689557904921,-0.8584963775925814,0.0669214404818862,0
247,0.19143974518304757,-0.04519813973710751,2.186083571717218,-0.8423719757469077,-0.3042864899584795,0.8714494074039578,1
248,-0.7185387760621553,0.4781759886407368,-0.18316215496388621,-0.49140607716795925,0.4337545567791006,0.7198085501619227,0
249,-0.7638940062730868,0.4579070129827173,0.5362370178590129,-0.36484537354065405,-2.110021216283058,-0.4729790163841387,0
250,0.7463483273524174,-1.1992214066399565,-0.24075761731887857,-0.32447895413354977,-1.2178482181495793,-0.16933312178471427,0
251,-2.0473784834752804,1.410568088491373,-1.6291202636968867,0.01687843304337394,-0.1401929430955402,-1.8057689076439067,0
252,1.0740848926403637,-0.07090639099635576,-1.4785826878145962,2.556931227494177,1.5810288925443265,-0.499557362898312,1
253,0.48585364619637683,0.6693879314893194,0.3884121792965693,0.19999337365238556,-0.55837282608814,1.2257729207732728,0
254,0.19690211419272907,-1.1178569042587796,1.4901302868587767,2.764258205923549,-2.777196192958506,-0.9754199691533023,0
255,0.7446617516967547,2.60460122273787,-1.1740411738132066,-1.5890584969606134,-1.3099975246695084,-0.10527337615373034,0
256,-1.133974883913634,2.0256053979321855,2.097858161901015,-0.8232850043872466,-1.727393682015797,-0.6480290250974701,1
257,-0.06377227542794114,0.6557752606942984,1.8481280076692739,0.49850392647184033,-0.5545400846058375,-1.888375164970189,0
258,-0.2703962276066205,-1.0280536498062498,0.32121293045211696,-1.1470235037508185,-0.028936767094030813,-2.2490535349143728,1
259,-1.7394644013372265,0.294019365143697,-0.16670444205476553,2.3376257482306344,0.9777163613987687,0.04292447477398331,0
260,-0.2854840021490784,1.8071462133171976,2.809612045519251,-1.2027542660076656,-0.7917752035180938,-1.8684714445596768,0
261,-0.010710887459604718,0.4273504098975086,1.0671882259536978,0.18460342068257962,-0.43486352291555513,0.5992354119755858,1
262,0.6050629103096108,2.013316697767012,-1.0711495348015811,-0.16354433262126167,0.27306249328330023,0.9080300751954291,0
263,-1.432901758373494,1.897402291666278,-0.23427396512858212,0.32149265313868663,-1.0687261229769314,-1.9574762253404077,0
264,-0.8862262966734786,-0.062070447696219166,-1.9210209143481685,0.01620740598956366,0.8314154638368261,0.04206913321000272,0
265,-1.2968035898230115,1.0187521096541061,1.7868061527732315,-0.05630151055288063,-1.2549506329578048,-2.5540286328720856,0
266,-0.803843778541509,-0.15671781847457922,-0.7130437478302609,1.7596714777673028,0.20102503006851613,1.0425069925003638,0
267,-0.5478057449975741,3.2467331762916607,0.9383789487788672,-0.3088805082485444,0.11466204096335109,-1.2561045109186204,0
268,-0.750804868939778,1.793064025064577,-1.9769323963026417,-0.5859391643297882,0.4803622823241045,-0.8898543093604565,0
269,-1.1466082740010475,1.6579815135223148,-0.7372249352704527,-0.6404247059547844,-0.8034200363043164,-1.241442205302815,0
270,-1.09946249586975,-0.4803026685601468,0.9978956734692438,-0.8070591817510551,0.8510933659850799,-0.5315413453515,0
271,0.5430260413268971,2.2251891508321,1.1495462468399942,0.7519491690347545,-0.8144887686437765,0.08690359558639227,1
272,-0.6844315835088084,1.4610901831442011,-0.09482840811398474,0.8662814501122555,-1.4065054258941672,1.1441086482497065,0
273,-2.084399341761001,1.4753469925846923,1.1137977653125364,0.5400384797925777,-0.9032062256018212,-1.0072241282217886,0
274,1.7144774225274308,2.2625035885563154,1.202066635309425,0.6659357937500656,0.5421394639581041,-2.901033070656127,0
275,0.20233678961441942,1.3559456530981275,0.038850185511288104,-0.4491977684753813,-1.0491229086092042,-2.1599201676269515,0
276,-1.0063337896292497,0.8904658708852767,-1.610000475907327,-1.0180401343360561,-1.364173539800945,-2.0302389998541583,0
277,1.6148547488394815,1.3752615337316199,-0.7273156135798384,0.8538705770279029,-1.6626443893424483,0.09907364441485733,0
278,-1.3837175635643404,2.552095142233356,1.5526125266400124,-0.08072541845690773,0.5255789410031522,-0.1331524815074684,1
279,-1.1235419444524777,0.22940410821347745,2.5731624513033413,-2.9864523496092956,0.4310691028359821,-0.1246011154848442,1
280,0.6308985178953899,0.9278575190203251,-0.763536359015581,0.2411215250012878,0.5692722415591507,1.0548555107241657,0
281,0.1402572538097192,0.47508881006059317,0.41742648145202466,-0.2893672088759827,-1.4900228781614147,-0.895024437912088,0
282,-2.302948722921863,1.2899507977689624,-0.7738874882097369,-0.5586283124366773,-0.6491230904673594,-0.8759038832148476,0
283,-0.10155628003408612,1.2655689088744937,0.4711663505307521,-1.8891606899770115,-0.5274730951416469,1.5245200800696475,0
284,-1.071821289161368,0.6000406961803739,1.1498882417071048,-0.917786483792675,-0.18516352230402122,-1.2750718777318326,0
285,0.29276113657141867,2.000299400663819,-0.03163979018791735,0.9907466280965518,0.4750605838419093,1.0720716382108837,0
286,-0.03371182477687412,0.43666138890810463,-0.7132385338284002,0.6658571299401423,1.094942880950017,-0.9353513463527514,0
287,0.05848556253439713,1.183760277610649,0.8164295376224912,0.6649749870844344,-0.8021139366415919,-0.0561221939356088,1
288,-0.4662193477538863,0.7524931820981946,0.8799357735027172,1.1662740847779638,-0.4868770599613656,-1.8800448697047072,0
289,0.03145798889424012,-0.014864434184727937,1.5034292758534018,0.48792166565586503,1.2945503445827495,1.7042874243421633,1
290,0.08684055763003573,0.25448579323166576,0.8940012636463948,0.6286491547471202,-1.6748821023474583,-1.5891633019616824,0
291,1.0500603780731328,1.0117524627748151,-1.7399857965152064,0.8742250348682843,-0.702955439641472,-2.867281031931599,0
292,-0.41740534658682094,-0.06976125631815933,2.6413082646650317,-1.6276607785670436,-1.4267014444200545,-1.3150388111579892,0
293,-0.6646974903237921,0.2758902525551622,-0.2585682048376866,0.18008690418315604,-0.8973057815068666,-1.5133147751497604,0
294,0.43868261640401773,3.1100433761657307,1.1724564616247344,-0.472860486175841,-0.7663822472058002,0.7139172937751372,1
295,-2.081071975422126,0.17507331089692557,1.013204968287958,0.39268254404268077,-0.5185626385215781,-1.7277590682589772,0
296,0.2615507563517544,-0.5028794108014707,-0.8525091621020939,-2.5125583134348495,-0.4860205072197052,-1.7481634073438066,1
297,-1.801945944288595,2.406624611698872,2.0397083339965754,0.21610747970201397,0.634963441220405,-1.239686097374273,1
298,0.44229783935342915,-1.1262486588510163,-0.42205236335556695,-0.13526241145580176,0.015177478120922294,1.8104195243939,1
299,1.8223369443776156,0.792059546409374,-0.07527682760455467,-1.1204939685960795,-0.9970229776920966,-0.6061142841268036,1
300,-2.160275849812568,2.2197309376725016,0.5366684079521515,-0.21417617616810702,-0.7771968733365759,-0.725581604307076,0
301,-0.24038656994585814,1.4428871596628368,0.7499038154268258,-0.3780689549068398,0.19309679697077597,-1.8908960090643676,0
302,0.10455006250765447,1.2667953823787959,0.8102507217256969,1.5567400358566243,-0.15032326986529876,-1.2177646947045948,0
303,-0.6982416579640263,2.1824449745549455,0.5318433941502134,1.0500906435162927,-0.2032299018206522,-1.5343676143184681,0
304,-1.129145174420334,-0.5935273402693841,1.3853666757434504,-0.13309384428812426,-1.0917326191739332,-1.810825922066185,0
305,0.0682766823368453,0.13111507492893648,-0.6272156947924146,1.6352139617625052,-0.330958293815565,-2.0515468230556273,0
306,1.518993305350318,1.811391153680391,1.1040145020071395,0.5537295519284493,-1.3490998313060993,-0.8885821399833633,1
307,-1.5374108486173534,0.6764237096964707,1.915645185141549,-0.8952111934173608,-2.017284001030159,-1.9366992869898227,0
308,-1.8344091634183917,0.33762514851545566,0.061315323680607825,0.11409538899104388,-1.9892880031399738,-0.9055437377009279,0
309,-1.2144955699696305,2.344884903352213,0.020628661260467696,-0.6741725526053792,0.3989505635452597,0.04659470338113403,0
310,2.3515608327883837,0.2616061197386649,1.2665693934897457,-1.0801942732991854,-1.1646965888051954,-1.277230053554279,1
311,-2.9293278725087646,1.9075522768716837,0.7285782156544529,0.020890654846084517,-2.354752965184237,0.42102836612525407,0
312,0.014114286735387227,1.5179296536033045,1.2786113885715467,0.5532913561198711,-1.159820267416528,0.32469151168800536,1
313,0.4904965884392455,0.4586719952974969,-1.3732364168004159,-0.8241514986127014,-0.5638329887686052,1.2334868619738992,0
314,-0.19271104385927512,-0.24154168501079076,0.8217752439710935,0.7581014947623076,0.39508852406015005,0.36579109270730825,1
315,-0.6826054622368387,1.7270587974289207,0.6519913966712036,-1.8620789911266855,0.7015207884012318,0.1093984090443123,1
316,-0.49306300843653683,1.2106247269268016,-0.3936079018969545,-0.1500843173451869,-0.3690221286951777,-2.8047752158905475,0
317,-1.3612739232469524,-0.2589443648476326,2.3999019343452224,-0.4299404944674964,-0.07743432490580038,-0.5253764894274175,0
318,0.3171676583063985,1.8245819633248765,0.5655438692330547,-0.07081006223377684,-0.6187929260791438,-0.4790916858498402,1
319,1.6030449237445605,1.1423206712996954,0.6010434963909747,1.7573546262848987,-1.4335782768799994,0.20166668075917693,1
320,-1.2851989174020537,-0.6308415123076341,-1.8100967004311868,1.9892480799386856,-1.1332726576671859,-0.09595142115926525,0
321,-1.348563125883886,1.4093612827818482,-0.196459484384773,-0.582139232858159,-0.17846133629072103,-1.7284782672171608,0
322,-0.6755179283274175,1.2990661145961113,0.0012512356264722801,-0.10973137253102827,0.45560332581348595,-0.5815169790375029,0
323,0.15048886367928715,1.1834066143842974,0.977143159841307,1.7877812406838092,-0.8639367737317474,1.3598156203281488,0
324,1.0353992506685283,-0.02531072665944989,-0.20273642895264232,0.36726548809186965,-1.4869139292681877,0.18701354266596437,0
325,-1.6652675024452943,2.0725982754486734,-0.3177512594688766,-0.47532887656948597,-1.950805241279445,-1.0929588486750768,0
326,0.5768554520666427,1.703761390704298,0.5647236917441552,2.3748711570748458,-1.1257848419767793,-1.587868930962863,0
327,-1.6664438292189816,1.87930088503097,0.193616484487019,-1.1924631747985959,0.664076646859199,1.4113965611749146,0
328,0.132535252548941,-0.0896625225117813,1.793782248827886,-1.4782634812300213,-1.4944825515716884,0.9891895506385016,1
329,0.9867447371608005,1.7835107503534418,-1.58591039761062,-0.5394713105250845,-1.1273871309245935,-2.187662343470402,0
330,1.6981783133827577,0.9624041160464047,1.105580153220288,-0.852707506302798,-1.041403492204361,-1.8030957366580165,0
331,-2.0911861471008435,2.229594666777165,-0.04031013218981305,-0.4105069242215511,-2.4533503061451007,1.052930527269396,0
332,0.7802106723752484,1.7774189953991222,0.9323458065865399,-0.19596716821973803,-2.089963342543239,-1.0786512745470522,0
333,1.5022750397603104,0.536275999621619,-0.3765051018838812,0.8845554187893616,-1.123752448738763,-1.529460473456603,0
334,1.1597725581156197,0.5917178010132598,-0.11049882179346548,1.0690195539928866,-0.17844915518544102,-0.8753412691488955,1
335,1.0712046618067255,0.005474400979206262,1.0118778256637855,0.03255401743106362,-1.1643405192547882,0.6695599632722264,1
336,-1.015768990613378,-0.894554121764191,0.7018630399716775,-0.05729101761981037,-1.7975720870181577,-2.369387851042859,1
337,-1.429371631355713,0.8457547439454829,1.5540948524110088,0.9233501338219527,-0.22162942370151645,0.29729977933490837,1
338,-0.15382354200999163,1.5285193159477357,2.0790777355489802,0.0661861238052377,-0.7807119746772652,-0.5431011673730384,1
339,1.2626962190413347,-0.4912037317327964,0.23661831092245283,1.116714826454758,0.12557115608027392,-0.7308191375490862,1
340,0.8509980683361076,1.4165405672516118,2.272211892771958,0.3759055672277235,-0.46615157078416514,-0.36628958731179595,1
341,-1.122825697499041,0.17527727134347315,0.3188876754166301,0.6180155510395661,0.9783251662426435,-1.0535121024855767,0
342,-0.48624179523452493,1.3253155311164444,-0.1008575667910504,0.3052008755507487,0.5076591000951631,-0.8498645992283236,0
343,0.6006283729592495,1.5105882245682238,-1.2527058503426247,0.3701542951616565,-0.842976148039697,-0.8516680698974676,0
344,0.09551179406052585,3.1700313233368456,1.4666886580207503,-1.2536812101458343,0.5411957246946391,-1.6329377006066974,0
345,-1.1412111498854776,2.5005198218510873,-0.6002318170500458,-0.17133048990857885,-0.118217617058064,0.7627556806957794,0
346,1.1764025228727608,-0.7228817449884122,0.8349054428755429,-0.37120832839889006,0.6256803267548434,-1.7427451871253556,1
347,-0.011008652045375295,-1.1037055133161804,0.052099034815005774,1.67403468399972,0.340981824521444,0.2724509038532832,1
348,-0.9537525752407161,0.8071847692950808,0.6536358384977081,1.2298558666951949,-1.5736983197488816,-0.9508278018537099,0
349,-0.24137344474022165,-0.4949323887560688,0.8019331037443503,0.7600620737003303,0.03616749734535196,-0.220026955704896,1
350,-0.7108831803373432,2.5383624736985704,0.41336296394164324,0.09513558416417356,0.9155723554931967,-1.183290743992972,0
351,-0.16140700454026347,2.434780498067824,-0.6837660522710627,-0.6538321992662095,-2.828363277284142,1.2877526978992182,0
352,-2.326066728473063,0.3314171142455782,-1.1242772598187176,-1.6715944380765806,0.4410064822869584,-0.7857218491928876,0
353,-1.3990392286073379,-0.10319545308976896,0.41037839255412695,1.7153585353820888,-0.047380863179808164,-1.33500612931688,0
354,0.009946412416700912,1.7013159025258158,1.171666127650053,0.7038513597799908,-1.346436314376383,-0.5140874473524423,1
355,0.1006990742494498,1.7057429542400853,-0.7113311652822643,0.6914663131994249,0.6575262370899935,-1.5454836109527408,0
356,-1.1265380156900322,-0.48137111814450373,1.3901654311544516,2.1067336088642037,-2.086530292934268,-0.12504172263702384,0
357,-0.11578412185854156,-1.2627714553871354,1.4431050610690417,-0.3247147754536803,-1.2927667194478683,0.26789258294311247,0
358,1.1778047048213132,1.3705489676845866,0.5943519435846368,0.7723553751402275,-0.9553755250036745,-0.9627785537030734,1
359,-0.9755939739875797,0.7586019742246818,1.8423451050453592,-0.16880272098127413,-0.5635251212081828,-0.5913202564407751,1
360,0.05298203978980842,1.2182809515531219,0.42410113125570864,0.6382609883166902,-0.4797358569615635,-1.0039833446919082,0
361,-0.9135417046944687,-1.1644660774309288,-1.103369841038016,0.21189449033487218,-1.9643557147098483,-0.2739184701151974,0
362,-0.6579560752320555,1.5877470697765332,0.5698823367380444,0.7817299488665574,1.2884778654003586,-2.252252571038646,0
363,0.046986194652401836,0.9634194476295573,2.9946199769290427,0.039907190710029405,-1.3848490917697056,-1.8610718170991611,0
364,0.7663690059382873,-0.6229495143229535,0.12419743804610545,-0.5358462675681503,-1.9968954692625145,0.17497649598806164,0
365,1.7985875558782616,-0.0672386648868819,0.6404935736872925,0.03846897273473701,0.20923483315841895,-0.5731137458454362,1
366,-1.6896398633621446,0.6761659703284787,-1.9144437762505182,0.3899685010420979,-0.3225684771899862,-0.7271730747703541,0
367,-1.0763202137667438,0.5251744403911425,-0.41322999788206416,1.404984973320935,-1.430711480630448,-0.18166369875641275,0
368,2.418832111275087,0.05059082560618089,0.9385583750346027,1.0228652715287554,-3.1894962598405714,1.0893902930409156,1
369,-1.1290414659107277,-0.08351751229720006,0.3501631113153333,0.6302898964377086,-0.5240386555216974,-1.430670125099973,0
370,-0.5662838145048623,2.492189428862593,0.7693705821160899,1.974837977302612,-0.12205811029502178,-0.03613868131420539,1
371,-1.0030015632688212,0.12722267398591314,1.7709621824608126,-0.09659143108186063,-0.5737127999631221,0.09723768069701921,0
372,-1.2923510321698175,0.0889587805274984,1.181919269445475,2.2114306917538173,-0.6366039603124469,-1.505106417967827,0
373,-0.5101260737030816,1.1761974794646426,0.3792524863723687,-0.20939961130708662,-1.5034892728179867,-1.4049990087869868,0
374,1.480332546985289,1.313943193590779,0.8202154299591219,0.44643721493416133,-1.9502495368483708,-1.5822907907349653,0
375,0.25079656192892175,-0.10890117477670147,-0.08636570419701106,1.0407004213848046,0.7356684627033865,-2.628441184835955,1
376,-0.29554738537171715,0.7358496402522379,-0.25155653613571727,0.7347790551192749,-2.2362243873459624,0.08807641353496987,0
377,1.3185409174688933,-1.2811231043969658,-0.10975598063092107,0.8557132072237298,-0.09828908420580162,-2.15769459232848,1
378,0.37615374475883445,0.996461944749865,-0.6079985027622987,0.5016795268617348,-2.1114550853214746,-1.731774057595179,0
379,-0.9155763964862831,0.0858205620156347,1.1932688997416285,2.829196916372847,-0.1475375652601244,-1.6020342546462856,0
380,0.809908924680609,0.9736965225887302,-1.0674270986204204,0.1892404319157036,-1.306870843736678,0.23021992115014622,0
381,-0.8388572441818822,1.0348364515834207,0.12119798260003256,-0.20687364521888107,-1.4106688548178812,-1.906797582451498,0
382,-1.5431824574108937,1.5911364180650267,-0.038986886928532916,0.46080418372513277,-0.39373859010163326,-0.9224187596439167,0
383,-1.4518801644358104,0.9564100856393009,-0.7765840488196747,0.648913935083446,1.72596421144731,-1.0567096323501204,0
384,-0.8174890663953652,1.4536071678771956,0.12608255726058099,-2.5132496531851976,3.003661782082678,-0.5456476677366651,1
385,-0.4709276564939674,0.029338354628042018,1.5178118707988315,-0.0049567629963442605,0.07691813086327859,-2.0879318017331836,1
386,0.4914131712199644,1.7987803151414883,0.7275534085226669,0.6112991199344744,-2.14079155748387,0.6741762675159328,0
387,1.4972173068155603,1.9414904327224083,-0.2757832803501571,-1.1372936385161594,-1.0736353500929752,-0.253508313236289,1
388,0.2180132143727433,-0.21246903552523166,1.4845855442536744,1.0067382441337247,-1.3378891344219157,-0.39849905276207986,1
389,-0.49294963806809067,0.9339791676072074,1.5011391739273603,1.3235439787182222,-1.5300938607349006,-0.3254196842807241,1
390,-0.653952726939852,0.626663320481638,0.604730377458055,0.7133997470295976,0.11929270882024134,1.5675060236089269,0
391,-0.009345803286074927,-0.3954958418419581,1.8730813748121462,0.510225012793083,-0.40223924621291063,-0.8611735975824649,1
392,1.4303726427385586,1.2980828671112583,-0.34507161834229927,-0.9917809480239455,0.27792784177700713,0.20903400148063678,1
393,0.6137026630812241,0.947590984597853,-0.700001580504668,0.8045993880682698,-1.0981329093462044,-1.7653512956341064,0
394,2.131014968792719,1.1364837117284734,0.007519132317961974,2.112590045677746,-0.2840868937494239,0.9399086761203534,1
395,1.52931488824918,-0.36933522037887156,1.2137777620165393,0.9411573574355617,-1.2183543102231553,-0.3919602439150745,1
396,-1.2746542075830933,1.9186028269899886,-0.5268728703939047,-0.40934697235649364,0.19934624334461937,-0.6532697257885705,0
397,-1.7470785754699247,-0.016783553689959207,1.7867323505079458,0.02819428275125682,-0.6083891841729612,0.07081345683601459,0
398,-1.535334789260366,1.2139437790153937,0.08981429881937286,-0.38366004568057244,-0.6554806643618833,-1.649533646656809,0
399,0.06954185920630745,-0.17211483070405698,0.2907092353293831,0.18931692011779186,-0.7159467117859218,-0.5995074855097129,0
400,-1.9218017020606608,2.1031085738198065,0.9787112048432619,-1.1734281154727384,-0.8109961104643535,-0.7156865526665637,0
401,0.001649083691348474,2.2859606604137386,0.9081862109134821,1.2986399261298354,-0.221417407665,0.6582147968751535,1
402,1.0077194148888484,0.5907652867969067,0.965164889897614,-0.8012745823270522,-0.6632043476890822,0.07620259165751342,1
403,-0.7252026164101055,1.0576016459899633,1.4528832012861175,0.7349059928891051,-1.443815933273303,-2.1470008396296567,0
404,-0.5586322459252628,-0.16843438333233451,-0.5723194341151077,-0.4251101639537853,-0.3173953911924105,-1.2979909343687175,0
405,-0.40436212962078877,1.0978819923879668,2.0516808518489533,-0.18690307695189812,-1.7748865356156804,1.1254528979709564,0
406,-0.7002721773243931,0.6789055054351902,0.03819280474142461,1.6477694664132843,-0.26432059465749946,-0.291819499568213,0
407,1.9608105880909381,1.9295903520860236,0.5585388388453876,0.8966268419104328,-0.6728914998329149,-2.5240093233026375,0
408,-1.03490508556585,1.8659701859565039,2.5457394961094826,1.0317703804067921,-1.9501021489034787,0.1126419217852429,1
409,1.0661696419167759,-2.53463377684819,0.021864789596894973,-1.3983935847999607,-1.1888138603466503,-0.7621282317397,1
410,-0.03806749514259089,1.1790479530023608,0.7078641822931341,1.156826828155117,0.17740198110199423,-0.7500992007841919,1
411,-1.0521401221181583,1.3576319319715755,0.06193858334802027,0.942503850287901,0.7952961657414639,-3.2935877150161277,0
412,0.09331184243202478,-0.24400993440996777,0.6667615305771804,-2.3132792867049097,-1.3585442677757924,-0.5819118708697878,0
413,0.8611409177278824,2.5727826969129604,1.491179443663224,0.18051565241633277,-0.045854960116513466,-1.9753895524629401,0
414,-1.1419052042587055,1.5582344413293128,1.8223450500534153,1.2607526902615327,-0.08181301935665786,-2.1636237057105348,0
415,0.6359676277920253,0.48066681913877907,-2.1402259730043243,0.39626511519056773,-0.25122416738161746,-0.28371620436589706,0
416,-1.2009154658249703,0.34867782575351036,-0.30816108008913234,0.8506853521899587,-1.759157576984113,0.6451996020524495,0
417,0.9178030319259616,0.6561211266320299,1.0867570088503604,1.020673797871246,-2.667556994967655,-1.101449761704105,1
418,-0.6523618183246043,1.894932710331782,-0.046297300478005954,-0.6907288701450159,1.0949640416781081,-1.8932440705545317,0
419,-0.4255677079869029,2.2615967436478455,0.2742943901704027,1.0469014994406904,-2.9065326850662263,1.7307668199858688,0
420,0.7096142477081298,0.21619399026449504,-0.6839118097003527,-0.4800213473575903,-0.4075494291039947,-1.0125849808915925,0
421,-0.6289035096945301,-1.2057815602692115,0.18984748605279944,1.848087198705221,1.219136364530648,-0.6296404381943861,1
422,-0.30222788671390605,0.12361582465902865,0.5893975563361958,0.12864411432574774,-0.23530508031188468,0.9311335944912575,0
423,-1.2578471232504191,0.9492539326045153,-0.10020829623767635,-1.2967208248956774,0.5671830692597768,-1.185683482756634,0
424,0.08116169911153548,1.5475582888440038,0.1432040217708111,-1.1647264024606843,-1.3718116196147032,-0.69716999786225,0
425,0.24293510661083428,-0.7742365548282051,1.6403554839874688,2.321803670911707,0.1361265830477213,-1.691074147450913,1
426,-0.7635955904906202,1.316552776915823,-0.6857191245056031,-0.2564138972621662,0.5092676181661628,-0.02117699388217098,0
427,-1.8650880268109604,-0.44445180194021283,0.4746850907480406,1.148239086915239,0.6190727128397506,-0.9051167063493661,0
428,0.6943403155888623,1.0560685714461797,-0.2583457402273941,0.6383710812097179,-0.20097801145626365,-0.014066568977284866,1
429,0.29896791959674174,0.24563130135004008,0.3730017455835739,0.5027196502874992,-2.6293807860017697,-2.2975130832193233,0
430,-0.28750973664820617,1.5610786109022028,1.554171354643257,-0.5507790962275739,-2.6552877833411213,-0.7092557386038368,1
431,0.6040248887508745,1.4358971478883436,0.7908200931063305,1.062675677444143,-0.5986019805188875,0.29655888662960384,1
432,-0.6363207388022332,1.0684717169889764,0.7492698347903044,0.5193374480492872,-1.8617807162135511,-2.363851123879442,0
433,-1.964663336434515,0.4345732024199129,0.100203354012939,-0.57280213883768,-1.036814716306327,0.3445507610329577,0
434,-0.39206008174911083,1.4155613128129514,-0.35219628825330485,0.34945068725818906,-1.7972702516131218,-2.468892599407896,0
435,0.4648144788655654,3.295790513402283,2.649082778658922,-0.4893983746092221,0.9359222736960253,-0.3048427695686944,1
436,-1.7021460612064334,-0.02283978977523926,1.6771670720144,0.7302086886211131,-1.305248425994014,0.5142380440335763,0
437,0.6721250649214868,1.3075226316684994,-0.35016537297479333,-0.9678850315712153,-2.1482651543243496,-0.5000691828948383,0
438,-1.2153633386575688,0.3731411135947542,1.5901471108347445,-1.8724903063791007,0.7307105133335172,-2.1522653513375327,0
439,0.15545733268032103,-0.20733270041690743,1.169561542637739,2.0355724296558275,-1.3817222576465955,-1.5790125440216842,1
440,0.5266089004777529,0.3917818736158738,1.0482922075614085,0.71854123807616,-0.7086088505453152,-1.3853469633928923,1
441,1.559606325261902,2.3941512415114623,-0.38831111547678754,-1.7792773516016576,-0.5599184761026069,-0.6410708430899231,0
442,-0.885440622048071,0.017297343954884692,2.4901224042184893,0.05624599636042607,0.14525521866479196,-1.308692241600278,0
443,-0.06890129142517704,1.3645040191558953,-1.3281011101016662,0.043079021636537596,-0.13896422144958887,0.060362713231647436,0
444,-0.31101143996496355,0.7048516257694155,0.3136249561142703,0.4853298645641323,-2.3596456325506585,0.020649107947804834,0
445,0.48228390993508974,1.5530308677686873,0.7073085750420383,-0.2985892223918433,-1.8010527467449318,-0.7409924992242966,0
446,-1.0722065580254458,2.811864244953246,-0.5250165546632024,-0.8109507894722718,-1.3901832051907062,-1.8861917122888674,0
447,-1.925619422417561,0.1858111337412064,0.38158508020290005,-0.5814841285931531,0.1698982210786617,1.1805217859601982,0
448,1.6849412633753296,1.037284514386123,0.36798722188895194,-0.0007427948248332206,-1.124225751295156,0.36010579994156,1
449,0.7112979390942085,1.8541153677280025,-0.6018862168620323,0.4709629558638633,-2.356829469309209,-0.5549902212369985,0
450,-1.3211113251996067,2.6204692256616533,-0.4323447749692516,0.41661930559450927,0.1038965912729406,-1.2586513895277074,0
451,0.8144958678979575,1.126372763356855,1.2225104243875409,0.6426451305696507,-1.0042969123549588,-1.6898141265206585,0
452,0.3627612658113585,0.5692507812206886,1.3314155749697711,-0.6847903247486457,-1.7430742541238289,-0.9285896865462422,1
453,1.0184860496298314,0.9314624675366163,1.2092800683025695,0.39242274959410184,-0.9412068763566379,-0.6196400584125568,1
454,-3.0382086876610552,0.7023793302113774,0.49641400144523995,-0.03545640829909891,-0.35162415744959585,-1.1649208869249166,0
455,-1.2453482841050674,1.1509768024179095,-0.7190683011115788,-0.05544628670211216,0.34145038184019905,0.10869096774314735,0
456,-1.0314323990245535,-0.40792091575891654,1.1136595947674581,-0.23209267243999665,0.36960597857802613,-0.22877066137151741,0
457,-0.43862136817931185,-0.13730582134283775,0.47133855854250933,-0.8855235604742702,-2.6132249317026126,0.03911152215789826,0
458,-1.125327649396549,0.32575426071598224,-0.12996563506435477,-0.4363778029811497,-0.9959197872549622,-0.7527842913886672,0
459,-0.7209619100647765,1.1673068424718809,0.027268147582214686,0.13118435376825074,1.4117590700513885,-0.9350366600735913,0
460,-1.0641790830437834,0.5115855584022386,1.921858451574286,0.06333849438527514,-0.6862277832412538,-0.17834368386399724,1
461,-1.1543455853045135,-0.8613907249212218,-0.11394744908335908,0.3815449839621673,-1.9474079562194067,-1.5762731031381483,0
462,0.544003351570284,2.250563717933262,1.5221579774469118,0.6678268157726299,-0.6761000399343428,-1.6687989677411539,0
463,0.47923740172616713,1.7109743723206123,0.0074078291342281055,-0.17394260999994354,-0.8475079989997307,-2.613162771953866,0
464,-1.3276587819886077,1.914236622490318,0.41315656583803617,1.297013180274537,0.4701509394225336,-1.4461625040763457,0
465,-0.532764611702375,0.264552138613399,2.006535094996927,-1.2225601958768557,-0.5734866602963477,-0.7965388018924425,1
466,1.531375501544668,1.3326823852209129,0.3760018162114154,1.2432948227507858,-1.4094774972010944,-1.843970545758032,0
467,-1.5801508168356473,-0.3130984182683094,-0.08311804514147936,1.1625426772607366,-0.39762508387348966,-2.18136814820937,0
468,-0.7697300444801555,1.1558090924461921,-0.17392745478620097,0.8685089601212729,0.02345225008951146,-0.6830296553880064,0
469,-0.284532327008988,1.3561695249609667,-0.05244176026476155,0.000850384965976031,-0.8938221499954673,-1.4345893058678336,0
470,-0.026108232202713633,0.6134824297541148,2.4575502824622384,0.6013004946388069,-1.661111455402584,-2.958352717526319,0
471,-1.856245043658993,1.5085796535991387,-1.2086825011011908,0.2553572704583136,-0.4828851391313298,-0.37782774121932966,0
472,2.049530214412985,-0.542497917055204,1.2147296762866524,-2.3370192234130425,-0.6881982040299102,-0.056793581676273686,1
473,1.0294322585318607,2.442885807652086,-0.39209698837810114,0.3085854875615627,-0.01371441069036139,0.8283365064716026,0
474,0.713656732364712,-0.26678012338538415,0.5556592664605737,0.7167814090075794,-0.2451092252766403,-0.31921465136929483,1
475,1.8020918617036048,1.5050749789397404,0.4742312065490629,-2.5600087818756596,0.13780550957919024,2.3065253387865186,0
476,-1.238977330856148,1.769392300233405,0.02842444607007044,-1.9251460750112948,-1.1427166846248171,-0.7451357071852619,0
477,0.17141983982607817,-0.5522052858984627,0.31103715425660133,-0.6286153861972004,0.3258784419530145,-1.2377193614843054,1
478,0.7917287636319226,0.3022795152172072,0.39529331393611344,1.0433066557511181,-0.6439283923843786,-0.157803352456247,1
479,-0.15161380655845727,1.9475929272993753,2.01188693045994,0.07545070572320153,0.18783424712530317,0.3456425201640674,1
480,0.5003579428373351,1.1963633479299682,0.12416671531451301,0.3794518394052496,0.6718091742131866,-0.73271971608718,1
481,-0.23050259509235688,-0.5642452445222628,-1.3050624201165886,0.5640633762863302,-1.0718374604459098,-0.4857305517063756,0
482,-1.326132081087457,2.095492428552596,1.3803295068916817,0.6474332233114587,-0.35433382966678495,-0.38741854546228804,1
483,-0.6994625988331364,1.1399835665935716,-0.8265735383234085,0.054058053029880565,0.4085843991151268,-2.8792648104928755,0
484,-0.9043826580300822,0.5148869969220726,-0.17155321519274647,0.40563947701966535,-0.3275940032102659,-1.5986560465100845,0
485,-1.4793027026447945,1.080874002313579,1.649890413620527,-1.064471844281164,-0.21760051266823116,-1.5089855273899202,0
486,0.7622716805987122,2.0393417403063268,0.5927167725335033,0.6480213636629573,0.6366263573869659,-1.0834980177257116,1
487,0.04786554933385356,-0.5156321912584871,1.5562245675027513,0.30690962720958126,0.20235744253434995,0.8955400643104359,1
488,0.7550280970544592,0.21460793968941516,0.6715920528905057,1.2963754870784343,-0.43669340618646735,-2.545331904443378,1
489,0.1410077340172734,0.25409907111069796,-0.12004262583889047,-1.8755943298890307,-0.30827700776981837,-1.3707411785237054,0
490,-2.0734541059918765,-0.18650484580924243,0.8461191595136137,-0.7933805411421592,-1.2325356509389187,-0.19492455727965702,0
491,-0.5921680816340371,1.1630646113873213,-1.328061502320598,-0.3322944218583951,0.3565359250266864,-1.3923261080714844,0
492,-0.030674683773588535,2.259028428035924,-1.0560791617224226,0.038480988021543816,-0.40146642830618756,-0.6779956192908043,0
493,-2.506521089986431,0.011571068092201986,0.4420398586129423,-1.2276948060576427,-2.1064987734758978,0.29388350097479765,0
494,0.2173894133159368,1.119386788457236,0.10660021895957794,0.8418496557071201,0.9442825397837387,-0.983982463213793,0
495,-0.897741537622245,-0.016771039820754008,0.6742174821270248,1.4706954582947118,-0.9170873461248618,-1.3888746131557972,0
496,-1.7770784740534846,0.13051891832923512,1.8556705087827814,0.36720591661070257,-0.31920872729864647,-0.06327522009091913,0
497,-2.214208910144249,1.3622534782236977,1.5123877714363512,0.11624986295865607,1.0566211509601215,0.171822602139863,1
498,0.445370786150441,0.7535554650400695,0.6802437192964073,-0.5707480690372342,-1.2490033654787132,-0.8943095885862533,0
499,0.5813118766131702,1.462953723640339,1.6298421414070177,-0.3138466020223437,-1.8741660666669284,-1.3165671893878352,0
